{
  "project_name": "Malicious Web Request Detection",
  "timestamp_utc": "2026-04-26T15:57:34.881701+00:00",
  "best_model_name": "XGBoost",
  "train_size": 376520,
  "test_size": 84059,
  "total_rows_after_cleaning": 460579,
  "class_distribution_train": {
    "0": 346737,
    "1": 29783
  },
  "class_distribution_test": {
    "0": 83655,
    "1": 404
  },
  "selected_threshold_model": "XGBoost",
  "selected_threshold": 0.15,
  "all_metrics": [
    {
      "model": "XGBoost",
      "accuracy": 0.99975017547199,
      "precision": 0.9948320413436692,
      "recall": 0.9529702970297029,
      "f1": 0.9734513274336283,
      "balanced_accuracy": 0.9764731946567438,
      "mcc": 0.973552879618563,
      "tp": 385,
      "tn": 83653,
      "fp": 2,
      "fn": 19,
      "specificity": 0.9999760922837846,
      "false_positive_rate": 2.3907716215408524e-05,
      "false_negative_rate": 0.04702970297029703,
      "roc_auc": 0.9999741098370192,
      "pr_auc": 0.9964864943450037,
      "inference_seconds_total": 26.920480603999977,
      "inference_ms_per_request": 0.32025696955709654,
      "train_seconds": 271.4917935609999,
      "serialized_pipeline_size_mb": 0.9504890441894531
    },
    {
      "model": "Random Forest",
      "accuracy": 0.9997144862537027,
      "precision": 1.0,
      "recall": 0.9405940594059405,
      "f1": 0.9693877551020408,
      "balanced_accuracy": 0.9702970297029703,
      "mcc": 0.9697031954837506,
      "tp": 380,
      "tn": 83655,
      "fp": 0,
      "fn": 24,
      "specificity": 1.0,
      "false_positive_rate": 0.0,
      "false_negative_rate": 0.0594059405940594,
      "roc_auc": 0.9999591083368692,
      "pr_auc": 0.9943776840200077,
      "inference_seconds_total": 26.75965853999992,
      "inference_ms_per_request": 0.3183437649746002,
      "train_seconds": 352.091639448,
      "serialized_pipeline_size_mb": 2.3307409286499023
    },
    {
      "model": "Linear SVM",
      "accuracy": 0.999321904852544,
      "precision": 0.8864142538975501,
      "recall": 0.9851485148514851,
      "f1": 0.9331770222743259,
      "balanced_accuracy": 0.9922694340439961,
      "mcc": 0.9341512907212984,
      "tp": 398,
      "tn": 83604,
      "fp": 51,
      "fn": 6,
      "specificity": 0.999390353236507,
      "false_positive_rate": 0.0006096467634929174,
      "false_negative_rate": 0.01485148514851485,
      "roc_auc": 0.9999312061383652,
      "pr_auc": 0.9520720001308813,
      "inference_seconds_total": 28.17362789999993,
      "inference_ms_per_request": 0.3351649186880635,
      "train_seconds": 251.45085353199988,
      "serialized_pipeline_size_mb": 0.05348777770996094
    },
    {
      "model": "Logistic Regression",
      "accuracy": 0.9985962240807053,
      "precision": 0.779296875,
      "recall": 0.9876237623762376,
      "f1": 0.87117903930131,
      "balanced_accuracy": 0.9931364882050335,
      "mcc": 0.8766643732780109,
      "tp": 399,
      "tn": 83542,
      "fp": 113,
      "fn": 5,
      "specificity": 0.9986492140338294,
      "false_positive_rate": 0.0013507859661705817,
      "false_negative_rate": 0.012376237623762377,
      "roc_auc": 0.9987702912303065,
      "pr_auc": 0.7573079317530838,
      "inference_seconds_total": 27.772390229999928,
      "inference_ms_per_request": 0.3303916324248436,
      "train_seconds": 266.1355092460001,
      "serialized_pipeline_size_mb": 0.053554534912109375
    }
  ]
}